-- MySQL dump 10.13  Distrib 8.0.33, for Win64 (x86_64)
--
-- Host: localhost    Database: gdb0120
-- ------------------------------------------------------
-- Server version	8.0.33

SET NAMES utf8;
SET time_zone = '+00:00';
SET foreign_key_checks = 0;
SET sql_mode = 'NO_AUTO_VALUE_ON_ZERO';

CREATE DATABASE `gdb0120` /*!40100 DEFAULT CHARACTER SET latin1 */;
USE `gdb0120`;




/*!40101 SET @OLD_CHARACTER_SET_CLIENT=@@CHARACTER_SET_CLIENT */;
/*!40101 SET @OLD_CHARACTER_SET_RESULTS=@@CHARACTER_SET_RESULTS */;
/*!40101 SET @OLD_COLLATION_CONNECTION=@@COLLATION_CONNECTION */;
/*!50503 SET NAMES utf8 */;
/*!40103 SET @OLD_TIME_ZONE=@@TIME_ZONE */;
/*!40103 SET TIME_ZONE='+00:00' */;
/*!40014 SET @OLD_UNIQUE_CHECKS=@@UNIQUE_CHECKS, UNIQUE_CHECKS=0 */;
/*!40014 SET @OLD_FOREIGN_KEY_CHECKS=@@FOREIGN_KEY_CHECKS, FOREIGN_KEY_CHECKS=0 */;
/*!40101 SET @OLD_SQL_MODE=@@SQL_MODE, SQL_MODE='NO_AUTO_VALUE_ON_ZERO' */;
/*!40111 SET @OLD_SQL_NOTES=@@SQL_NOTES, SQL_NOTES=0 */;

--
-- Table structure for table `dim_dates`
--

DROP TABLE IF EXISTS `dim_dates`;
/*!40101 SET @saved_cs_client     = @@character_set_client */;
/*!50503 SET character_set_client = utf8mb4 */;
CREATE TABLE `dim_dates` (
  `date` date DEFAULT NULL,
  `month_name` varchar(255) DEFAULT NULL,
  `weekday_name` varchar(255) DEFAULT NULL,
  `weekday_or_weekend` varchar(255) DEFAULT NULL,
  `week_no` varchar(255) DEFAULT NULL
) ENGINE=InnoDB DEFAULT CHARSET=utf8mb4 COLLATE=utf8mb4_0900_ai_ci;
/*!40101 SET character_set_client = @saved_cs_client */;

--
-- Dumping data for table `dim_dates`
--

LOCK TABLES `dim_dates` WRITE;
/*!40000 ALTER TABLE `dim_dates` DISABLE KEYS */;
INSERT INTO `dim_dates` VALUES ('2023-01-01','January','Sunday','Weekend','W1'),('2023-01-02','January','Monday','Weekday','W1'),('2023-01-03','January','Tuesday','Weekday','W1'),('2023-01-04','January','Wednesday','Weekday','W1'),('2023-01-05','January','Thursday','Weekday','W1'),('2023-01-06','January','Friday','Weekday','W1'),('2023-01-07','January','Saturday','Weekend','W1'),('2023-01-08','January','Sunday','Weekend','W2'),('2023-01-09','January','Monday','Weekday','W2'),('2023-01-10','January','Tuesday','Weekday','W2'),('2023-01-11','January','Wednesday','Weekday','W2'),('2023-01-12','January','Thursday','Weekday','W2'),('2023-01-13','January','Friday','Weekday','W2'),('2023-01-14','January','Saturday','Weekend','W2'),('2023-01-15','January','Sunday','Weekend','W3'),('2023-01-16','January','Monday','Weekday','W3'),('2023-01-17','January','Tuesday','Weekday','W3'),('2023-01-18','January','Wednesday','Weekday','W3'),('2023-01-19','January','Thursday','Weekday','W3'),('2023-01-20','January','Friday','Weekday','W3'),('2023-01-21','January','Saturday','Weekend','W3'),('2023-01-22','January','Sunday','Weekend','W4'),('2023-01-23','January','Monday','Weekday','W4'),('2023-01-24','January','Tuesday','Weekday','W4'),('2023-01-25','January','Wednesday','Weekday','W4'),('2023-01-26','January','Thursday','Weekday','W4'),('2023-01-27','January','Friday','Weekday','W4'),('2023-01-28','January','Saturday','Weekend','W4'),('2023-01-29','January','Sunday','Weekend','W5'),('2023-01-30','January','Monday','Weekday','W5'),('2023-01-31','January','Tuesday','Weekday','W5'),('2023-02-01','February','Wednesday','Weekday','W5'),('2023-02-02','February','Thursday','Weekday','W5'),('2023-02-03','February','Friday','Weekday','W5'),('2023-02-04','February','Saturday','Weekend','W5'),('2023-02-05','February','Sunday','Weekend','W6'),('2023-02-06','February','Monday','Weekday','W6'),('2023-02-07','February','Tuesday','Weekday','W6'),('2023-02-08','February','Wednesday','Weekday','W6'),('2023-02-09','February','Thursday','Weekday','W6'),('2023-02-10','February','Friday','Weekday','W6'),('2023-02-11','February','Saturday','Weekend','W6'),('2023-02-12','February','Sunday','Weekend','W7'),('2023-02-13','February','Monday','Weekday','W7'),('2023-02-14','February','Tuesday','Weekday','W7'),('2023-02-15','February','Wednesday','Weekday','W7'),('2023-02-16','February','Thursday','Weekday','W7'),('2023-02-17','February','Friday','Weekday','W7'),('2023-02-18','February','Saturday','Weekend','W7'),('2023-02-19','February','Sunday','Weekend','W8'),('2023-02-20','February','Monday','Weekday','W8'),('2023-02-21','February','Tuesday','Weekday','W8'),('2023-02-22','February','Wednesday','Weekday','W8'),('2023-02-23','February','Thursday','Weekday','W8'),('2023-02-24','February','Friday','Weekday','W8'),('2023-02-25','February','Saturday','Weekend','W8'),('2023-02-26','February','Sunday','Weekend','W9'),('2023-02-27','February','Monday','Weekday','W9'),('2023-02-28','February','Tuesday','Weekday','W9'),('2023-03-01','March','Wednesday','Weekday','W9'),('2023-03-02','March','Thursday','Weekday','W9'),('2023-03-03','March','Friday','Weekday','W9'),('2023-03-04','March','Saturday','Weekend','W9'),('2023-03-05','March','Sunday','Weekend','W10'),('2023-03-06','March','Monday','Weekday','W10'),('2023-03-07','March','Tuesday','Weekday','W10'),('2023-03-08','March','Wednesday','Weekday','W10'),('2023-03-09','March','Thursday','Weekday','W10'),('2023-03-10','March','Friday','Weekday','W10'),('2023-03-11','March','Saturday','Weekend','W10'),('2023-03-12','March','Sunday','Weekend','W11'),('2023-03-13','March','Monday','Weekday','W11'),('2023-03-14','March','Tuesday','Weekday','W11'),('2023-03-15','March','Wednesday','Weekday','W11'),('2023-03-16','March','Thursday','Weekday','W11'),('2023-03-17','March','Friday','Weekday','W11'),('2023-03-18','March','Saturday','Weekend','W11'),('2023-03-19','March','Sunday','Weekend','W12'),('2023-03-20','March','Monday','Weekday','W12'),('2023-03-21','March','Tuesday','Weekday','W12'),('2023-03-22','March','Wednesday','Weekday','W12'),('2023-03-23','March','Thursday','Weekday','W12'),('2023-03-24','March','Friday','Weekday','W12'),('2023-03-25','March','Saturday','Weekend','W12'),('2023-03-26','March','Sunday','Weekend','W13'),('2023-03-27','March','Monday','Weekday','W13'),('2023-03-28','March','Tuesday','Weekday','W13'),('2023-03-29','March','Wednesday','Weekday','W13'),('2023-03-30','March','Thursday','Weekday','W13'),('2023-03-31','March','Friday','Weekday','W13'),('2023-04-01','April','Saturday','Weekend','W13'),('2023-04-02','April','Sunday','Weekend','W14'),('2023-04-03','April','Monday','Weekday','W14'),('2023-04-04','April','Tuesday','Weekday','W14'),('2023-04-05','April','Wednesday','Weekday','W14'),('2023-04-06','April','Thursday','Weekday','W14'),('2023-04-07','April','Friday','Weekday','W14'),('2023-04-08','April','Saturday','Weekend','W14'),('2023-04-09','April','Sunday','Weekend','W15'),('2023-04-10','April','Monday','Weekday','W15'),('2023-04-11','April','Tuesday','Weekday','W15'),('2023-04-12','April','Wednesday','Weekday','W15'),('2023-04-13','April','Thursday','Weekday','W15'),('2023-04-14','April','Friday','Weekday','W15'),('2023-04-15','April','Saturday','Weekend','W15'),('2023-04-16','April','Sunday','Weekend','W16'),('2023-04-17','April','Monday','Weekday','W16'),('2023-04-18','April','Tuesday','Weekday','W16'),('2023-04-19','April','Wednesday','Weekday','W16'),('2023-04-20','April','Thursday','Weekday','W16'),('2023-04-21','April','Friday','Weekday','W16'),('2023-04-22','April','Saturday','Weekend','W16'),('2023-04-23','April','Sunday','Weekend','W17'),('2023-04-24','April','Monday','Weekday','W17'),('2023-04-25','April','Tuesday','Weekday','W17'),('2023-04-26','April','Wednesday','Weekday','W17'),('2023-04-27','April','Thursday','Weekday','W17'),('2023-04-28','April','Friday','Weekday','W17'),('2023-04-29','April','Saturday','Weekend','W17'),('2023-04-30','April','Sunday','Weekend','W18'),('2023-05-01','May','Monday','Weekday','W18'),('2023-05-02','May','Tuesday','Weekday','W18'),('2023-05-03','May','Wednesday','Weekday','W18'),('2023-05-04','May','Thursday','Weekday','W18'),('2023-05-05','May','Friday','Weekday','W18'),('2023-05-06','May','Saturday','Weekend','W18'),('2023-05-07','May','Sunday','Weekend','W19'),('2023-05-08','May','Monday','Weekday','W19'),('2023-05-09','May','Tuesday','Weekday','W19'),('2023-05-10','May','Wednesday','Weekday','W19'),('2023-05-11','May','Thursday','Weekday','W19'),('2023-05-12','May','Friday','Weekday','W19'),('2023-05-13','May','Saturday','Weekend','W19'),('2023-05-14','May','Sunday','Weekend','W20'),('2023-05-15','May','Monday','Weekday','W20'),('2023-05-16','May','Tuesday','Weekday','W20'),('2023-05-17','May','Wednesday','Weekday','W20'),('2023-05-18','May','Thursday','Weekday','W20'),('2023-05-19','May','Friday','Weekday','W20'),('2023-05-20','May','Saturday','Weekend','W20'),('2023-05-21','May','Sunday','Weekend','W21'),('2023-05-22','May','Monday','Weekday','W21'),('2023-05-23','May','Tuesday','Weekday','W21'),('2023-05-24','May','Wednesday','Weekday','W21'),('2023-05-25','May','Thursday','Weekday','W21'),('2023-05-26','May','Friday','Weekday','W21'),('2023-05-27','May','Saturday','Weekend','W21'),('2023-05-28','May','Sunday','Weekend','W22'),('2023-05-29','May','Monday','Weekday','W22'),('2023-05-30','May','Tuesday','Weekday','W22'),('2023-05-31','May','Wednesday','Weekday','W22'),('2023-06-01','June','Thursday','Weekday','W22'),('2023-06-02','June','Friday','Weekday','W22'),('2023-06-03','June','Saturday','Weekend','W22'),('2023-06-04','June','Sunday','Weekend','W23'),('2023-06-05','June','Monday','Weekday','W23'),('2023-06-06','June','Tuesday','Weekday','W23'),('2023-06-07','June','Wednesday','Weekday','W23'),('2023-06-08','June','Thursday','Weekday','W23'),('2023-06-09','June','Friday','Weekday','W23'),('2023-06-10','June','Saturday','Weekend','W23'),('2023-06-11','June','Sunday','Weekend','W24'),('2023-06-12','June','Monday','Weekday','W24'),('2023-06-13','June','Tuesday','Weekday','W24'),('2023-06-14','June','Wednesday','Weekday','W24'),('2023-06-15','June','Thursday','Weekday','W24'),('2023-06-16','June','Friday','Weekday','W24'),('2023-06-17','June','Saturday','Weekend','W24'),('2023-06-18','June','Sunday','Weekend','W25'),('2023-06-19','June','Monday','Weekday','W25'),('2023-06-20','June','Tuesday','Weekday','W25'),('2023-06-21','June','Wednesday','Weekday','W25'),('2023-06-22','June','Thursday','Weekday','W25'),('2023-06-23','June','Friday','Weekday','W25'),('2023-06-24','June','Saturday','Weekend','W25'),('2023-06-25','June','Sunday','Weekend','W26'),('2023-06-26','June','Monday','Weekday','W26'),('2023-06-27','June','Tuesday','Weekday','W26'),('2023-06-28','June','Wednesday','Weekday','W26'),('2023-06-29','June','Thursday','Weekday','W26'),('2023-06-30','June','Friday','Weekday','W26'),('2023-07-01','July','Saturday','Weekend','W26'),('2023-07-02','July','Sunday','Weekend','W27'),('2023-07-03','July','Monday','Weekday','W27'),('2023-07-04','July','Tuesday','Weekday','W27'),('2023-07-05','July','Wednesday','Weekday','W27'),('2023-07-06','July','Thursday','Weekday','W27'),('2023-07-07','July','Friday','Weekday','W27'),('2023-07-08','July','Saturday','Weekend','W27'),('2023-07-09','July','Sunday','Weekend','W28'),('2023-07-10','July','Monday','Weekday','W28'),('2023-07-11','July','Tuesday','Weekday','W28'),('2023-07-12','July','Wednesday','Weekday','W28'),('2023-07-13','July','Thursday','Weekday','W28'),('2023-07-14','July','Friday','Weekday','W28'),('2023-07-15','July','Saturday','Weekend','W28'),('2023-07-16','July','Sunday','Weekend','W29'),('2023-07-17','July','Monday','Weekday','W29'),('2023-07-18','July','Tuesday','Weekday','W29'),('2023-07-19','July','Wednesday','Weekday','W29'),('2023-07-20','July','Thursday','Weekday','W29'),('2023-07-21','July','Friday','Weekday','W29'),('2023-07-22','July','Saturday','Weekend','W29'),('2023-07-23','July','Sunday','Weekend','W30'),('2023-07-24','July','Monday','Weekday','W30'),('2023-07-25','July','Tuesday','Weekday','W30'),('2023-07-26','July','Wednesday','Weekday','W30'),('2023-07-27','July','Thursday','Weekday','W30'),('2023-07-28','July','Friday','Weekday','W30'),('2023-07-29','July','Saturday','Weekend','W30'),('2023-07-30','July','Sunday','Weekend','W31'),('2023-07-31','July','Monday','Weekday','W31'),('2023-08-01','August','Tuesday','Weekday','W31'),('2023-08-02','August','Wednesday','Weekday','W31'),('2023-08-03','August','Thursday','Weekday','W31'),('2023-08-04','August','Friday','Weekday','W31'),('2023-08-05','August','Saturday','Weekend','W31'),('2023-08-06','August','Sunday','Weekend','W32'),('2023-08-07','August','Monday','Weekday','W32'),('2023-08-08','August','Tuesday','Weekday','W32'),('2023-08-09','August','Wednesday','Weekday','W32'),('2023-08-10','August','Thursday','Weekday','W32'),('2023-08-11','August','Friday','Weekday','W32'),('2023-08-12','August','Saturday','Weekend','W32'),('2023-08-13','August','Sunday','Weekend','W33'),('2023-08-14','August','Monday','Weekday','W33'),('2023-08-15','August','Tuesday','Weekday','W33'),('2023-08-16','August','Wednesday','Weekday','W33'),('2023-08-17','August','Thursday','Weekday','W33'),('2023-08-18','August','Friday','Weekday','W33'),('2023-08-19','August','Saturday','Weekend','W33'),('2023-08-20','August','Sunday','Weekend','W34'),('2023-08-21','August','Monday','Weekday','W34'),('2023-08-22','August','Tuesday','Weekday','W34'),('2023-08-23','August','Wednesday','Weekday','W34'),('2023-08-24','August','Thursday','Weekday','W34'),('2023-08-25','August','Friday','Weekday','W34'),('2023-08-26','August','Saturday','Weekend','W34'),('2023-08-27','August','Sunday','Weekend','W35'),('2023-08-28','August','Monday','Weekday','W35'),('2023-08-29','August','Tuesday','Weekday','W35'),('2023-08-30','August','Wednesday','Weekday','W35'),('2023-08-31','August','Thursday','Weekday','W35'),('2023-09-01','September','Friday','Weekday','W35'),('2023-09-02','September','Saturday','Weekend','W35'),('2023-09-03','September','Sunday','Weekend','W36'),('2023-09-04','September','Monday','Weekday','W36'),('2023-09-05','September','Tuesday','Weekday','W36'),('2023-09-06','September','Wednesday','Weekday','W36'),('2023-09-07','September','Thursday','Weekday','W36'),('2023-09-08','September','Friday','Weekday','W36'),('2023-09-09','September','Saturday','Weekend','W36'),('2023-09-10','September','Sunday','Weekend','W37'),('2023-09-11','September','Monday','Weekday','W37'),('2023-09-12','September','Tuesday','Weekday','W37'),('2023-09-13','September','Wednesday','Weekday','W37'),('2023-09-14','September','Thursday','Weekday','W37'),('2023-09-15','September','Friday','Weekday','W37'),('2023-09-16','September','Saturday','Weekend','W37'),('2023-09-17','September','Sunday','Weekend','W38'),('2023-09-18','September','Monday','Weekday','W38'),('2023-09-19','September','Tuesday','Weekday','W38'),('2023-09-20','September','Wednesday','Weekday','W38'),('2023-09-21','September','Thursday','Weekday','W38'),('2023-09-22','September','Friday','Weekday','W38'),('2023-09-23','September','Saturday','Weekend','W38'),('2023-09-24','September','Sunday','Weekend','W39'),('2023-09-25','September','Monday','Weekday','W39'),('2023-09-26','September','Tuesday','Weekday','W39'),('2023-09-27','September','Wednesday','Weekday','W39'),('2023-09-28','September','Thursday','Weekday','W39'),('2023-09-29','September','Friday','Weekday','W39'),('2023-09-30','September','Saturday','Weekend','W39');
/*!40000 ALTER TABLE `dim_dates` ENABLE KEYS */;
UNLOCK TABLES;

--
-- Table structure for table `fact_account`
--

DROP TABLE IF EXISTS `fact_account`;
/*!40101 SET @saved_cs_client     = @@character_set_client */;
/*!50503 SET character_set_client = utf8mb4 */;
CREATE TABLE `fact_account` (
  `date` date DEFAULT NULL,
  `profile_visits` int DEFAULT NULL,
  `new_followers` int DEFAULT NULL
) ENGINE=InnoDB DEFAULT CHARSET=utf8mb4 COLLATE=utf8mb4_0900_ai_ci;
/*!40101 SET character_set_client = @saved_cs_client */;

--
-- Dumping data for table `fact_account`
--

LOCK TABLES `fact_account` WRITE;
/*!40000 ALTER TABLE `fact_account` DISABLE KEYS */;
INSERT INTO `fact_account` VALUES ('2023-01-01',995,693),('2023-01-02',1056,263),('2023-01-03',3580,2959),('2023-01-04',72,44),('2023-01-05',81,65),('2023-01-06',1101,854),('2023-01-07',1007,952),('2023-01-08',967,506),('2023-01-09',1625,715),('2023-01-10',1432,479),('2023-01-11',699,734),('2023-01-12',54,23),('2023-01-13',88,41),('2023-01-14',499,311),('2023-01-15',98,42),('2023-01-16',424,439),('2023-01-17',39,21),('2023-01-18',1002,522),('2023-01-19',53,31),('2023-01-20',43,15),('2023-01-21',532,286),('2023-01-22',893,303),('2023-01-23',2456,1003),('2023-01-24',608,736),('2023-01-25',941,490),('2023-01-26',873,422),('2023-01-27',1047,500),('2023-01-28',762,314),('2023-01-29',80,77),('2023-01-30',3308,3186),('2023-01-31',97,27),('2023-02-01',2769,4106),('2023-02-02',2475,1989),('2023-02-03',2797,1768),('2023-02-04',31,21),('2023-02-05',33,11),('2023-02-06',59,22),('2023-02-07',295,201),('2023-02-08',322,238),('2023-02-09',427,151),('2023-02-10',380,254),('2023-02-11',705,172),('2023-02-12',41,24),('2023-02-13',292,118),('2023-02-14',29,26),('2023-02-15',205,148),('2023-02-16',546,247),('2023-02-17',478,227),('2023-02-18',161,66),('2023-02-19',39,19),('2023-02-20',133,36),('2023-02-21',291,107),('2023-02-22',2180,1072),('2023-02-23',2959,1374),('2023-02-24',2188,2383),('2023-02-25',205,133),('2023-02-26',326,164),('2023-02-27',49,31),('2023-02-28',213,146),('2023-03-01',69,16),('2023-03-02',1358,440),('2023-03-03',1142,990),('2023-03-04',171,108),('2023-03-05',840,576),('2023-03-06',48,20),('2023-03-07',28,29),('2023-03-08',46,18),('2023-03-09',89,28),('2023-03-10',24,21),('2023-03-11',65,18),('2023-03-12',1080,394),('2023-03-13',929,621),('2023-03-14',138,46),('2023-03-15',368,187),('2023-03-16',1131,810),('2023-03-17',122,32),('2023-03-18',134,77),('2023-03-19',51,20),('2023-03-20',39,32),('2023-03-21',4698,5421),('2023-03-22',906,685),('2023-03-23',897,684),('2023-03-24',59,33),('2023-03-25',2388,2356),('2023-03-26',1521,393),('2023-03-27',85,34),('2023-03-28',2162,2513),('2023-03-29',991,1155),('2023-03-30',1004,206),('2023-03-31',549,322),('2023-04-01',63,18),('2023-04-02',745,240),('2023-04-03',1036,388),('2023-04-04',927,558),('2023-04-05',711,314),('2023-04-06',1907,2500),('2023-04-07',473,282),('2023-04-08',450,235),('2023-04-09',504,179),('2023-04-10',983,367),('2023-04-11',2441,668),('2023-04-12',700,513),('2023-04-13',37,18),('2023-04-14',1209,973),('2023-04-15',1868,1694),('2023-04-16',2314,1431),('2023-04-17',466,311),('2023-04-18',712,544),('2023-04-19',256,90),('2023-04-20',52,28),('2023-04-21',247,197),('2023-04-22',699,422),('2023-04-23',647,366),('2023-04-24',2176,1890),('2023-04-25',2711,3736),('2023-04-26',721,169),('2023-04-27',476,294),('2023-04-28',763,447),('2023-04-29',563,174),('2023-04-30',2995,2753),('2023-05-01',1284,601),('2023-05-02',1480,1245),('2023-05-03',936,451),('2023-05-04',4210,5844),('2023-05-05',1271,852),('2023-05-06',6779,2046),('2023-05-07',1392,486),('2023-05-08',10863,8872),('2023-05-09',929,232),('2023-05-10',1793,1333),('2023-05-11',966,200),('2023-05-12',7102,6051),('2023-05-13',7234,3923),('2023-05-14',745,682),('2023-05-15',1067,550),('2023-05-16',2443,1052),('2023-05-17',6224,3726),('2023-05-18',5199,2116),('2023-05-19',8015,4909),('2023-05-20',6092,6169),('2023-05-21',2109,1528),('2023-05-22',6389,1496),('2023-05-23',1161,735),('2023-05-24',915,491),('2023-05-25',1074,833),('2023-05-26',1699,525),('2023-05-27',3802,2021),('2023-05-28',120,33),('2023-05-29',789,518),('2023-05-30',6598,4609),('2023-05-31',5891,2855),('2023-06-01',1623,556),('2023-06-02',1181,586),('2023-06-03',6729,8802),('2023-06-04',1909,581),('2023-06-05',1170,458),('2023-06-06',1284,854),('2023-06-07',5683,4161),('2023-06-08',1122,815),('2023-06-09',6682,5716),('2023-06-10',681,149),('2023-06-11',8539,6086),('2023-06-12',5215,1663),('2023-06-13',1035,484),('2023-06-14',1103,307),('2023-06-15',3603,2051),('2023-06-16',810,228),('2023-06-17',5943,5694),('2023-06-18',5842,4618),('2023-06-19',1166,288),('2023-06-20',867,496),('2023-06-21',8544,7033),('2023-06-22',4693,2575),('2023-06-23',1732,811),('2023-06-24',5267,1756),('2023-06-25',873,771),('2023-06-26',2575,1132),('2023-06-27',907,285),('2023-06-28',2322,3769),('2023-06-29',3627,5413),('2023-06-30',10623,8804),('2023-07-01',1618,510),('2023-07-02',1058,875),('2023-07-03',1226,321),('2023-07-04',2874,1558),('2023-07-05',809,614),('2023-07-06',57,18),('2023-07-07',957,431),('2023-07-08',3241,3716),('2023-07-09',2158,1203),('2023-07-10',1110,749),('2023-07-11',2300,1655),('2023-07-12',3239,1939),('2023-07-13',1347,530),('2023-07-14',987,510),('2023-07-15',1960,3364),('2023-07-16',1580,651),('2023-07-17',714,618),('2023-07-18',1487,819),('2023-07-19',2351,1492),('2023-07-20',1294,471),('2023-07-21',2169,967),('2023-07-22',868,286),('2023-07-23',1692,868),('2023-07-24',2324,1271),('2023-07-25',2023,909),('2023-07-26',3381,1987),('2023-07-27',1853,880),('2023-07-28',3432,2344),('2023-07-29',2956,900),('2023-07-30',40,14),('2023-07-31',1247,832),('2023-08-01',63,22),('2023-08-02',1350,1178),('2023-08-03',2129,467),('2023-08-04',1130,653),('2023-08-05',1974,679),('2023-08-06',1358,1687),('2023-08-07',1380,539),('2023-08-08',1631,685),('2023-08-09',870,574),('2023-08-10',715,481),('2023-08-11',1157,353),('2023-08-12',1997,873),('2023-08-13',1123,807),('2023-08-14',31,7),('2023-08-15',2210,1269),('2023-08-16',2479,1184),('2023-08-17',1613,1383),('2023-08-18',39,19),('2023-08-19',2454,1436),('2023-08-20',1219,383),('2023-08-21',1766,1783),('2023-08-22',1828,1082),('2023-08-23',2596,2074),('2023-08-24',758,410),('2023-08-25',1302,282),('2023-08-26',1662,1191),('2023-08-27',1128,299),('2023-08-28',1837,1173),('2023-08-29',754,269),('2023-08-30',1507,1110),('2023-08-31',34,19),('2023-09-01',87,66),('2023-09-02',43,19),('2023-09-03',1304,738),('2023-09-04',2222,1345),('2023-09-05',110,28),('2023-09-06',1136,481),('2023-09-07',39,11),('2023-09-08',44,42),('2023-09-09',1303,510),('2023-09-10',693,596),('2023-09-11',3197,1516),('2023-09-12',1556,2051),('2023-09-13',732,251),('2023-09-14',36,18),('2023-09-15',717,434),('2023-09-16',4158,3849),('2023-09-17',698,237),('2023-09-18',1354,929),('2023-09-19',3365,2258),('2023-09-20',4010,1939),('2023-09-21',2826,2285),('2023-09-22',3409,3570),('2023-09-23',1507,448),('2023-09-24',68,34),('2023-09-25',1883,1414),('2023-09-26',1385,1519),('2023-09-27',870,442),('2023-09-28',86,69),('2023-09-29',1021,479),('2023-09-30',1663,945);
/*!40000 ALTER TABLE `fact_account` ENABLE KEYS */;
UNLOCK TABLES;

--
-- Table structure for table `fact_content`
--

DROP TABLE IF EXISTS `fact_content`;
/*!40101 SET @saved_cs_client     = @@character_set_client */;
/*!50503 SET character_set_client = utf8mb4 */;
CREATE TABLE `fact_content` (
  `date` date DEFAULT NULL,
  `post_category` varchar(255) DEFAULT NULL,
  `post_type` varchar(255) DEFAULT NULL,
  `video_duration` int DEFAULT NULL,
  `carousel_item_count` int DEFAULT NULL,
  `impressions` int DEFAULT NULL,
  `reach` int DEFAULT NULL,
  `shares` int DEFAULT NULL,
  `follows` int DEFAULT NULL,
  `likes` int DEFAULT NULL,
  `comments` int DEFAULT NULL,
  `saves` int DEFAULT NULL
) ENGINE=InnoDB DEFAULT CHARSET=utf8mb4 COLLATE=utf8mb4_0900_ai_ci;
/*!40101 SET character_set_client = @saved_cs_client */;

--
-- Dumping data for table `fact_content`
--

LOCK TABLES `fact_content` WRITE;
/*!40000 ALTER TABLE `fact_content` DISABLE KEYS */;
INSERT INTO `fact_content` VALUES ('2023-01-01','Mobile','IG Image',0,0,78394,28049,455,521,2221,48,280),('2023-01-02','Mobile','IG Image',0,0,64532,22709,145,248,1260,51,189),('2023-01-03','Mobile','IG Reel',50,0,127666,61142,659,2069,4488,92,1151),('2023-01-04','Mobile','IG Carousel',0,2,5094,1202,8,33,51,3,8),('2023-01-05','Smartwatch','IG Carousel',0,5,7404,1384,32,40,64,1,10),('2023-01-06','Smartwatch','IG Image',0,0,65854,23150,153,521,2132,47,83),('2023-01-07','Earphone','IG Image',0,0,72252,29082,381,744,2225,29,134),('2023-01-08','Mobile','IG Image',0,0,60638,16516,173,491,1492,24,65),('2023-01-09','Mobile','IG Image',0,0,78591,34532,217,681,1846,87,281),('2023-01-10','Mobile','IG Image',0,0,64207,24524,471,326,1873,54,238),('2023-01-11','Mobile','IG Video',176,0,45343,19897,261,483,1392,47,99),('2023-01-12','Mobile','IG Carousel',0,3,8059,1512,40,19,40,2,12),('2023-01-13','Mobile','IG Carousel',0,4,6885,1499,2,36,33,0,8),('2023-01-14','Mobile','IG Video',295,0,31654,8474,149,198,514,11,42),('2023-01-15','Mobile','IG Carousel',0,2,9677,2083,27,41,67,1,17),('2023-01-16','Mobile','IG Video',203,0,33219,11822,181,291,989,35,59),('2023-01-17','Mobile','IG Carousel',0,3,5806,651,24,17,15,0,5),('2023-01-18','Mobile','IG Image',0,0,64593,21598,198,324,2077,41,192),('2023-01-19','Smartwatch','IG Carousel',0,5,9508,1137,37,24,23,0,10),('2023-01-20','Mobile','IG Carousel',0,3,6936,924,23,13,30,0,6),('2023-01-21','Smartwatch','IG Video',134,0,35586,11256,137,215,801,33,56),('2023-01-22','Smartwatch','IG Video',178,0,46422,19287,292,266,1174,22,96),('2023-01-23','Mobile','IG Reel',17,0,148217,68574,1112,843,5432,138,1805),('2023-01-24','Mobile','IG Image',0,0,65158,17031,215,460,910,19,151),('2023-01-25','Earphone','IG Image',0,0,73230,20063,368,299,1600,45,107),('2023-01-26','Mobile','IG Video',200,0,48251,18881,318,287,1576,31,94),('2023-01-27','Mobile','IG Image',0,0,68703,22614,341,362,1488,57,58),('2023-01-28','Mobile','IG Video',222,0,40034,16225,233,195,1247,33,81),('2023-01-29','Smartwatch','IG Carousel',0,2,6085,1744,77,48,54,1,16),('2023-01-30','Mobile','IG Reel',32,0,146107,57092,1128,2414,4365,133,1077),('2023-01-31','Smartwatch','IG Carousel',0,2,5848,1683,13,21,39,3,11),('2023-02-01','Smartwatch','IG Reel',46,0,147575,79546,551,2737,4407,179,1327),('2023-02-02','Earphone','IG Reel',35,0,132961,70563,1206,1617,6278,150,1151),('2023-02-03','Smartwatch','IG Reel',28,0,144094,60380,914,1148,5315,132,725),('2023-02-04','Smartwatch','IG Carousel',0,5,4396,660,10,16,25,1,5),('2023-02-05','Mobile','IG Carousel',0,4,3584,716,26,7,36,2,6),('2023-02-06','Earphone','IG Carousel',0,5,4690,1010,17,14,47,0,10),('2023-02-07','Mobile','IG Video',208,0,16997,8489,95,149,708,24,42),('2023-02-08','Mobile','IG Video',250,0,29149,8975,139,189,533,26,45),('2023-02-09','Mobile','IG Video',161,0,25071,9047,111,122,798,23,45),('2023-02-10','Smartwatch','IG Video',164,0,22051,8173,153,167,553,8,41),('2023-02-11','Laptop','IG Image',0,0,27282,11840,182,132,803,26,50),('2023-02-12','Smartwatch','IG Carousel',0,4,3887,849,42,15,30,1,7),('2023-02-13','Mobile','IG Video',141,0,16925,5005,53,79,355,10,25),('2023-02-14','Mobile','IG Carousel',0,2,3788,832,11,22,20,1,8),('2023-02-15','Mobile','IG Video',121,0,11041,4283,74,109,349,12,21),('2023-02-16','Mobile','IG Video',270,0,24027,9259,163,201,870,26,46),('2023-02-17','Mobile','IG Image',0,0,26719,10392,162,216,559,29,29),('2023-02-18','Laptop','IG Video',263,0,9604,3487,55,62,276,9,17),('2023-02-19','Smartwatch','IG Carousel',0,3,4571,1080,51,18,41,0,6),('2023-02-20','Earphone','IG Video',224,0,8741,2296,42,34,214,4,11),('2023-02-21','Earphone','IG Image',0,0,23367,6116,119,103,383,14,45),('2023-02-22','Mobile','IG Reel',55,0,141632,47309,266,932,2717,77,305),('2023-02-23','Mobile','IG Reel',41,0,134184,62495,869,1010,3942,177,637),('2023-02-24','Laptop','IG Reel',51,0,105868,46247,268,1632,2900,84,357),('2023-02-25','Mobile','IG Video',286,0,9222,4334,48,90,406,12,22),('2023-02-26','Smartwatch','IG Image',0,0,27599,9085,48,123,627,23,63),('2023-02-27','Earphone','IG Carousel',0,2,3416,815,14,23,29,1,7),('2023-02-28','Mobile','IG Video',227,0,21728,5937,110,101,349,16,30),('2023-03-01','Mobile','IG Carousel',0,3,8382,1466,4,15,55,4,8),('2023-03-02','Smartwatch','IG Image',0,0,74161,28930,157,386,2689,56,184),('2023-03-03','Laptop','IG Image',0,0,66472,24090,125,683,1211,37,220),('2023-03-04','Earphone','IG Video',291,0,12265,3668,69,92,327,7,18),('2023-03-05','Smartwatch','IG Image',0,0,62770,18001,273,360,1194,28,76),('2023-03-06','Laptop','IG Carousel',0,4,9038,1393,25,15,56,0,9),('2023-03-07','Mobile','IG Carousel',0,4,6790,803,7,21,37,2,6),('2023-03-08','Mobile','IG Carousel',0,2,7441,1303,15,17,47,1,8),('2023-03-09','Mobile','IG Carousel',0,2,8145,1924,87,25,61,5,19),('2023-03-10','Earphone','IG Carousel',0,3,6298,683,8,16,26,0,5),('2023-03-11','Mobile','IG Carousel',0,3,5899,1093,45,12,53,0,6),('2023-03-12','Laptop','IG Image',0,0,79416,23474,327,259,1235,69,204),('2023-03-13','Laptop','IG Image',0,0,61649,19925,352,485,1724,39,131),('2023-03-14','Mobile','IG Carousel',0,3,8130,2358,73,43,114,6,12),('2023-03-15','Smartwatch','IG Video',130,0,24889,10279,194,127,973,18,51),('2023-03-16','Mobile','IG Image',0,0,73829,32175,481,736,1613,81,180),('2023-03-17','Mobile','IG Carousel',0,4,9379,2621,35,31,100,6,24),('2023-03-18','Mobile','IG Carousel',0,3,9157,2254,67,58,55,6,15),('2023-03-19','Smartwatch','IG Carousel',0,3,4146,1079,42,17,43,1,6),('2023-03-20','Mobile','IG Carousel',0,4,9287,1123,14,29,29,0,9),('2023-03-21','Mobile','IG Reel',16,0,145415,80086,420,3791,5166,182,2028),('2023-03-22','Mobile','IG Image',0,0,79199,26189,509,442,1356,58,70),('2023-03-23','Mobile','IG Image',0,0,69923,25614,349,651,2286,70,77),('2023-03-24','Mobile','IG Carousel',0,3,6589,1241,10,30,60,1,9),('2023-03-25','Earphone','IG Reel',22,0,132284,66721,1093,1482,3622,83,695),('2023-03-26','Mobile','IG Image',0,0,63425,26113,435,336,1994,68,179),('2023-03-27','Mobile','IG Carousel',0,4,6736,1785,19,24,89,4,14),('2023-03-28','Laptop','IG Reel',48,0,111995,60379,1001,2244,5081,121,1697),('2023-03-29','Laptop','IG Image',0,0,78673,28576,375,843,2725,33,152),('2023-03-30','Smartwatch','IG Video',269,0,45321,17305,238,196,1305,46,87),('2023-03-31','Earphone','IG Video',278,0,25393,9461,138,280,555,18,47),('2023-04-01','Mobile','IG Carousel',0,3,4549,1052,27,18,35,1,6),('2023-04-02','Earphone','IG Video',163,0,54672,16126,172,182,938,22,81),('2023-04-03','Mobile','IG Video',138,0,58942,22107,379,340,1160,31,111),('2023-04-04','Smartwatch','IG Image',0,0,72627,20114,382,461,1529,41,74),('2023-04-05','Other Gadgets','IG Video',232,0,28162,11987,162,305,1157,14,60),('2023-04-06','Other Gadgets','IG Reel',53,0,131884,53988,866,2155,3144,160,1081),('2023-04-07','Smartwatch','IG Video',229,0,53581,13629,161,173,1120,29,68),('2023-04-08','Other Gadgets','IG Video',258,0,37955,12663,204,164,753,31,63),('2023-04-09','Mobile','IG Image',0,0,52278,14438,271,167,1393,36,44),('2023-04-10','Smartwatch','IG Video',271,0,59646,16587,312,289,958,27,83),('2023-04-11','Smartwatch','IG Reel',36,0,102296,51616,659,557,3545,116,965),('2023-04-12','Other Gadgets','IG Video',149,0,54254,14737,257,359,841,16,74),('2023-04-13','Mobile','IG Carousel',0,3,5475,784,11,13,29,1,6),('2023-04-14','Other Gadgets','IG Image',0,0,71279,20770,178,612,1204,30,207),('2023-04-15','Laptop','IG Reel',30,0,123270,39850,296,1486,3926,101,1139),('2023-04-16','Other Gadgets','IG Reel',29,0,115701,66829,937,929,5749,94,658),('2023-04-17','Other Gadgets','IG Video',294,0,24948,9920,127,192,749,24,50),('2023-04-18','Mobile','IG Image',0,0,50458,15013,217,400,1395,23,120),('2023-04-19','Mobile','IG Video',120,0,20084,7383,85,83,490,9,37),('2023-04-20','Other Gadgets','IG Carousel',0,3,4330,879,11,18,29,2,4),('2023-04-21','Smartwatch','IG Video',210,0,27325,7041,119,181,435,9,35),('2023-04-22','Laptop','IG Video',172,0,33604,14682,255,349,1038,22,73),('2023-04-23','Earphone','IG Video',229,0,36973,13629,224,244,929,30,68),('2023-04-24','Other Gadgets','IG Reel',44,0,124433,46171,545,1783,2390,65,339),('2023-04-25','Mobile','IG Reel',25,0,143936,58810,1042,2809,4119,75,461),('2023-04-26','Other Gadgets','IG Video',121,0,41950,12142,138,133,724,22,61),('2023-04-27','Earphone','IG Video',167,0,53083,13323,141,265,879,25,67),('2023-04-28','Other Gadgets','IG Image',0,0,55723,16420,233,331,1040,21,112),('2023-04-29','Earphone','IG Video',206,0,43526,11799,134,138,646,12,59),('2023-04-30','Mobile','IG Reel',59,0,185017,63990,1010,2238,6039,94,330),('2023-05-01','Earphone','IG Image',0,0,78559,32336,326,426,1811,80,108),('2023-05-02','Earphone','IG Image',0,0,93195,28287,226,788,2442,41,59),('2023-05-03','Laptop','IG Video',190,0,47249,17025,297,434,1624,42,85),('2023-05-04','Earphone','IG Reel',25,0,295300,104041,1862,3542,5595,258,1800),('2023-05-05','Laptop','IG Image',0,0,92084,23140,152,536,2208,32,205),('2023-05-06','Mobile','IG Reel',52,0,233182,102075,1448,1827,8883,257,1506),('2023-05-07','Other Gadgets','IG Video',265,0,51718,25341,453,392,2503,68,127),('2023-05-08','Other Gadgets','IG Reel',55,0,292266,160274,2652,6337,13931,447,2297),('2023-05-09','Other Gadgets','IG Video',151,0,33368,16655,245,177,1206,48,83),('2023-05-10','Smartwatch','IG Image',0,0,104214,43949,720,932,3330,68,178),('2023-05-11','Mobile','IG Video',155,0,42354,14838,180,180,927,29,74),('2023-05-12','Tech Tips','IG Reel',28,0,245911,106943,936,3830,9870,198,2211),('2023-05-13','Smartwatch','IG Reel',50,0,216891,129883,1436,3411,11194,224,3844),('2023-05-14','Tech Tips','IG Video',176,0,41548,18574,259,533,1107,45,93),('2023-05-15','Tech Tips','IG Image',0,0,99345,26803,438,500,2511,72,110),('2023-05-16','Other Gadgets','IG Image',0,0,99344,36662,268,915,1924,66,165),('2023-05-17','Other Gadgets','IG Reel',34,0,288754,112244,887,3029,7689,183,3135),('2023-05-18','Tech Tips','IG Reel',21,0,296333,99686,899,1763,5857,131,1466),('2023-05-19','Tech Tips','IG Reel',51,0,287697,153194,829,3167,12068,199,1670),('2023-05-20','Other Gadgets','IG Reel',60,0,189723,112821,1835,4782,7611,117,2948),('2023-05-21','Earphone','IG Reel',42,0,164251,52537,396,1263,3628,75,1292),('2023-05-22','Mobile','IG Reel',36,0,214679,93949,1295,984,8926,174,2325),('2023-05-23','Mobile','IG Image',0,0,77029,20858,207,471,1757,26,152),('2023-05-24','Other Gadgets','IG Video',282,0,54733,17157,265,406,1224,24,86),('2023-05-25','Earphone','IG Image',0,0,86968,26201,501,737,1824,46,68),('2023-05-26','Smartwatch','IG Image',0,0,98348,30459,268,423,2373,77,108),('2023-05-27','Other Gadgets','IG Reel',54,0,174606,56412,603,1497,4040,124,296),('2023-05-28','Other Gadgets','IG Carousel',0,5,7932,2167,92,30,97,0,22),('2023-05-29','Other Gadgets','IG Video',204,0,35093,14629,178,316,1389,22,73),('2023-05-30','Laptop','IG Reel',54,0,226270,97599,1886,3687,7036,255,746),('2023-05-31','Mobile','IG Reel',19,0,189152,109270,2071,2213,8577,188,2206),('2023-06-01','Smartwatch','IG Video',128,0,65740,30206,577,530,1516,65,151),('2023-06-02','Mobile','IG Video',281,0,60118,22179,434,407,2186,34,111),('2023-06-03','Mobile','IG Reel',29,0,321602,162552,2173,5571,14931,276,1397),('2023-06-04','Smartwatch','IG Image',0,0,81779,34582,425,454,2185,68,186),('2023-06-05','Smartwatch','IG Video',250,0,49413,21435,335,314,1255,38,107),('2023-06-06','Tech Tips','IG Video',268,0,44095,19033,253,534,1644,28,95),('2023-06-07','Mobile','IG Reel',57,0,221326,102620,1053,2910,6598,150,2582),('2023-06-08','Mobile','IG Image',0,0,83736,20987,123,526,1106,27,196),('2023-06-09','Tech Tips','IG Reel',46,0,221007,128024,1048,5014,11209,196,1189),('2023-06-10','Tech Tips','IG Video',131,0,43841,12847,196,134,737,33,64),('2023-06-11','Mobile','IG Reel',36,0,237182,123931,1616,3711,8863,283,888),('2023-06-12','Tech Tips','IG Reel',22,0,195266,96736,1536,1188,7442,117,2438),('2023-06-13','Mobile','IG Video',243,0,42618,18645,335,403,990,37,93),('2023-06-14','Other Gadgets','IG Video',140,0,55130,20000,207,307,1822,44,100),('2023-06-15','Tech Tips','IG Reel',60,0,193492,65554,624,1641,4302,182,600),('2023-06-16','Tech Tips','IG Video',237,0,44745,12153,146,155,853,23,61),('2023-06-17','Smartwatch','IG Reel',48,0,331048,147678,2109,5638,10537,195,4052),('2023-06-18','Smartwatch','IG Reel',32,0,339708,107022,1099,3724,10659,259,2428),('2023-06-19','Smartwatch','IG Video',270,0,44750,21964,336,272,1581,49,110),('2023-06-20','Tech Tips','IG Video',174,0,44595,22184,366,318,1336,59,111),('2023-06-21','Tech Tips','IG Reel',20,0,331362,130558,2602,5582,7736,335,3383),('2023-06-22','Tech Tips','IG Reel',59,0,247730,119479,656,1936,9973,250,1406),('2023-06-23','Tech Tips','IG Image',0,0,104469,31539,617,563,1897,63,97),('2023-06-24','Mobile','IG Reel',26,0,184277,75409,689,1739,7466,98,816),('2023-06-25','Smartwatch','IG Video',160,0,50240,21660,283,627,1235,63,108),('2023-06-26','Mobile','IG Image',0,0,109200,47327,302,884,3072,113,463),('2023-06-27','Smartwatch','IG Video',288,0,58130,16737,213,194,1538,30,84),('2023-06-28','Mobile','IG Reel',54,0,183392,56120,615,2792,3637,82,1454),('2023-06-29','Mobile','IG Reel',33,0,291605,90853,908,4229,8788,269,1829),('2023-06-30','Tech Tips','IG Reel',51,0,272829,155724,2054,6987,10041,270,2655),('2023-07-01','Other Gadgets','IG Video',209,0,59906,25713,435,495,1380,43,129),('2023-07-02','Smartwatch','IG Video',275,0,44787,20884,355,572,1955,26,104),('2023-07-03','Earphone','IG Video',204,0,41694,18917,190,196,1364,21,95),('2023-07-04','Tech Tips','IG Reel',33,0,145111,74688,994,1208,6312,113,1692),('2023-07-05','Other Gadgets','IG Video',135,0,56021,21210,355,499,1847,46,106),('2023-07-06','Tech Tips','IG Carousel',0,5,5545,1113,40,13,39,1,10),('2023-07-07','Mobile','IG Video',145,0,58567,15242,285,291,1087,20,76),('2023-07-08','Earphone','IG Reel',21,0,146425,62327,1122,2654,5138,111,431),('2023-07-09','Other Gadgets','IG Image',0,0,103541,42123,618,891,4104,85,349),('2023-07-10','Smartwatch','IG Video',237,0,61554,29598,484,454,1963,81,148),('2023-07-11','Earphone','IG Reel',19,0,92475,45585,691,1391,3529,87,1365),('2023-07-12','Tech Tips','IG Reel',59,0,125775,62752,1204,1829,5625,123,1131),('2023-07-13','Earphone','IG Video',148,0,50684,20811,212,351,1061,39,104),('2023-07-14','Other Gadgets','IG Video',132,0,52672,19648,227,342,1029,30,98),('2023-07-15','Earphone','IG Reel',15,0,141150,51157,336,2492,3343,132,297),('2023-07-16','Tech Tips','IG Image',0,0,108521,41148,373,437,2239,49,322),('2023-07-17','Tech Tips','IG Video',147,0,51444,18367,257,386,1645,30,92),('2023-07-18','Mobile','IG Video',198,0,56094,22955,378,509,1381,60,115),('2023-07-19','Other Gadgets','IG Image',0,0,129694,46486,320,1394,3766,47,177),('2023-07-20','Mobile','IG Video',187,0,61521,25747,317,346,2001,35,129),('2023-07-21','Other Gadgets','IG Image',0,0,128565,55743,519,696,5404,101,336),('2023-07-22','Mobile','IG Video',207,0,38151,17079,267,272,1442,44,85),('2023-07-23','Tech Tips','IG Image',0,0,100660,33171,470,579,1971,49,189),('2023-07-24','Tech Tips','IG Image',0,0,127616,37039,667,853,2465,109,179),('2023-07-25','Other Gadgets','IG Image',0,0,127414,39221,275,561,3836,76,136),('2023-07-26','Mobile','IG Reel',33,0,149516,65377,579,1642,3373,73,766),('2023-07-27','Mobile','IG Reel',30,0,102025,49122,662,667,2460,135,886),('2023-07-28','Other Gadgets','IG Reel',43,0,103195,53843,765,2093,5153,102,1390),('2023-07-29','Mobile','IG Image',0,0,128996,45668,522,621,2810,60,175),('2023-07-30','Mobile','IG Carousel',0,3,5131,788,38,10,31,0,8),('2023-07-31','Mobile','IG Image',0,0,92127,24027,151,517,1753,34,213),('2023-08-01','Smartwatch','IG Carousel',0,3,3643,985,35,17,48,2,10),('2023-08-02','Smartwatch','IG Video',183,0,54517,26645,335,780,2058,69,133),('2023-08-03','Tech Tips','IG Image',0,0,91996,41215,631,453,2772,91,234),('2023-08-04','Mobile','IG Video',229,0,47774,21886,283,421,2102,48,109),('2023-08-05','Tech Tips','IG Image',0,0,96314,38503,225,414,3032,80,233),('2023-08-06','Tech Tips','IG Reel',44,0,102613,35288,339,1430,3207,44,743),('2023-08-07','Tech Tips','IG Video',267,0,73321,27154,357,465,2465,32,136),('2023-08-08','Smartwatch','IG Image',0,0,85341,25993,457,628,1325,65,221),('2023-08-09','Smartwatch','IG Video',159,0,52592,13543,241,370,1102,29,68),('2023-08-10','Other Gadgets','IG Video',204,0,60955,18796,370,408,1063,31,94),('2023-08-11','Tech Tips','IG Video',150,0,41452,17865,344,299,924,39,89),('2023-08-12','Smartwatch','IG Image',0,0,91648,39793,756,628,2834,113,192),('2023-08-13','Other Gadgets','IG Video',285,0,49403,21892,228,501,1895,36,109),('2023-08-14','Smartwatch','IG Carousel',0,5,3883,600,7,6,14,1,6),('2023-08-15','Mobile','IG Reel',43,0,107766,42656,520,881,3115,95,492),('2023-08-16','Smartwatch','IG Image',0,0,88839,39119,776,1150,2010,61,288),('2023-08-17','Smartwatch','IG Reel',30,0,93911,31209,199,1124,2848,39,404),('2023-08-18','Earphone','IG Carousel',0,3,4191,763,28,18,16,2,5),('2023-08-19','Mobile','IG Image',0,0,99014,38558,763,990,2899,95,384),('2023-08-20','Other Gadgets','IG Video',278,0,65318,23937,443,345,2220,51,120),('2023-08-21','Smartwatch','IG Reel',21,0,116484,34969,533,1087,3239,50,580),('2023-08-22','Tech Tips','IG Reel',53,0,87570,36020,569,784,3384,73,1068),('2023-08-23','Mobile','IG Reel',21,0,90673,41487,729,1885,2689,51,539),('2023-08-24','Smartwatch','IG Video',200,0,53541,20170,347,289,1529,44,101),('2023-08-25','Tech Tips','IG Image',0,0,97421,25768,326,279,1511,26,181),('2023-08-26','Earphone','IG Reel',42,0,95149,32993,421,984,2036,35,950),('2023-08-27','Mobile','IG Video',153,0,53643,22241,387,296,1884,57,111),('2023-08-28','Tech Tips','IG Image',0,0,82902,28312,472,820,2045,85,99),('2023-08-29','Mobile','IG Video',270,0,54279,15079,247,166,1428,21,75),('2023-08-30','Other Gadgets','IG Image',0,0,98752,39880,679,828,2606,108,176),('2023-08-31','Mobile','IG Carousel',0,5,4059,533,20,15,18,0,3),('2023-09-01','Tech Tips','IG Carousel',0,5,5297,1586,54,42,78,2,11),('2023-09-02','Other Gadgets','IG Carousel',0,4,3264,786,19,14,22,0,4),('2023-09-03','Other Gadgets','IG Video',177,0,61807,19160,374,555,1437,49,96),('2023-09-04','Smartwatch','IG Image',0,0,91329,32381,449,851,2955,95,212),('2023-09-05','Tech Tips','IG Carousel',0,3,5344,1588,79,20,68,0,12),('2023-09-06','Other Gadgets','IG Video',177,0,50682,16891,176,367,1678,50,84),('2023-09-07','Smartwatch','IG Carousel',0,4,5285,708,34,9,34,0,5),('2023-09-08','Tech Tips','IG Carousel',0,2,3766,1069,17,31,48,0,10),('2023-09-09','Mobile','IG Video',223,0,51534,23349,389,405,2184,25,117),('2023-09-10','Tech Tips','IG Video',193,0,44240,17721,343,438,1302,44,89),('2023-09-11','Tech Tips','IG Reel',15,0,107192,57266,1066,1404,4064,67,1471),('2023-09-12','Other Gadgets','IG Reel',49,0,105101,39442,518,1935,2215,83,985),('2023-09-13','Mobile','IG Video',154,0,41292,10620,171,172,623,29,53),('2023-09-14','Smartwatch','IG Carousel',0,3,4543,853,42,14,21,0,7),('2023-09-15','Other Gadgets','IG Video',140,0,35367,13518,144,329,697,26,68),('2023-09-16','Tech Tips','IG Reel',52,0,144009,74400,1313,3631,3846,83,2022),('2023-09-17','Smartwatch','IG Video',281,0,40855,13279,179,235,1130,33,66),('2023-09-18','Tech Tips','IG Image',0,0,96397,24786,255,588,1273,26,224),('2023-09-19','Tech Tips','IG Reel',17,0,131049,51042,999,1613,4446,151,406),('2023-09-20','Tech Tips','IG Reel',21,0,112246,57678,1064,1716,5395,77,1270),('2023-09-21','Smartwatch','IG Reel',50,0,124969,53890,611,2096,3144,144,456),('2023-09-22','Tech Tips','IG Reel',55,0,144240,82794,1192,3500,7205,202,1063),('2023-09-23','Mobile','IG Image',0,0,97078,28297,536,364,1677,62,212),('2023-09-24','Mobile','IG Carousel',0,2,5945,1660,73,31,44,2,11),('2023-09-25','Smartwatch','IG Reel',36,0,106197,48130,717,884,3647,119,325),('2023-09-26','Mobile','IG Image',0,0,80664,33124,206,926,2425,49,260),('2023-09-27','Mobile','IG Video',181,0,64660,20788,315,287,2002,46,104),('2023-09-28','Mobile','IG Carousel',0,5,5532,1644,81,44,65,3,11),('2023-09-29','Mobile','IG Image',0,0,82339,25753,444,399,2552,31,227),('2023-09-30','Mobile','IG Video',147,0,53443,24738,369,721,1813,59,124);
/*!40000 ALTER TABLE `fact_content` ENABLE KEYS */;
UNLOCK TABLES;
/*!40103 SET TIME_ZONE=@OLD_TIME_ZONE */;

/*!40101 SET SQL_MODE=@OLD_SQL_MODE */;
/*!40014 SET FOREIGN_KEY_CHECKS=@OLD_FOREIGN_KEY_CHECKS */;
/*!40014 SET UNIQUE_CHECKS=@OLD_UNIQUE_CHECKS */;
/*!40101 SET CHARACTER_SET_CLIENT=@OLD_CHARACTER_SET_CLIENT */;
/*!40101 SET CHARACTER_SET_RESULTS=@OLD_CHARACTER_SET_RESULTS */;
/*!40101 SET COLLATION_CONNECTION=@OLD_COLLATION_CONNECTION */;
/*!40111 SET SQL_NOTES=@OLD_SQL_NOTES */;

-- Dump completed on 2023-09-06 10:58:27
